particle,theta_deg
0,0.05582969
1,0.02886582
2,0.03995270
3,0.03727637
4,0.02629551
5,0.07283066
6,0.03658913
7,0.04166263
8,0.03362213
9,0.06537797
10,0.04545509
11,0.03355189
12,0.11467055
13,0.04058004
14,0.02870456
15,0.04592414
16,0.03508503
17,0.02933904
18,0.03374885
19,0.02677910
20,0.03414537
21,0.03960511
22,0.05873561
23,0.04640637
24,0.06767018
25,0.03428829
26,0.02897618
27,0.15000912
28,0.02836380
29,0.02629162
30,0.02963646
31,0.03096778
32,0.02667900
33,0.02963575
34,0.06199278
35,0.06243999
36,0.05348851
37,0.03460162
38,0.07577731
39,0.04000271
40,0.09736587
41,0.03038710
42,0.03214563
43,0.02734439
44,0.05648086
45,0.08165047
46,0.03311369
47,0.03387420
48,0.05372414
49,0.02831174
50,0.03154533
51,0.04973022
52,0.03641050
53,0.02764100
54,0.06108134
55,0.04478672
56,0.02707074
57,0.06905256
58,0.02916627
59,0.21206481
60,0.22518096
61,0.02634542
62,0.07739021
63,0.03590917
64,0.03364850
65,0.04043044
66,0.03642364
67,0.04630359
68,0.03302403
69,0.02718053
70,0.10544938
71,0.05334839
72,0.03287520
73,0.04429681
74,0.03460346
75,0.13827798
76,0.02626797
77,0.02826709
78,0.03344758
79,0.05649398
80,0.05901000
81,0.02733264
82,0.04211723
83,0.03838797
84,0.04923235
85,0.02690465
86,0.03156224
87,0.02640907
88,0.11925882
89,0.03831004
90,0.03210989
91,0.03842748
92,0.02962420
93,0.03141131
94,0.04544085
95,0.04972337
96,0.11383060
97,0.03373043
98,0.04695693
99,0.03711964
100,0.02920381
101,0.08271442
102,0.04070629
103,0.02714750
104,0.03128091
105,0.04146050
106,0.03398298
107,0.03122893
108,0.06780734
109,0.03202843
110,0.03808545
111,0.03026475
112,0.02660085
113,0.03856713
114,0.08533689
115,0.09430678
116,0.12177238
117,0.05146248
118,0.04277853
119,0.03224069
120,0.15629954
121,0.02702031
122,0.08097948
123,0.02938112
124,0.03031668
125,0.06125089
126,0.03268523
127,0.03517940
128,0.20807856
129,0.04253087
130,0.03128145
131,0.02992393
132,0.05836928
133,0.03934774
134,0.04224990
135,0.02790342
136,0.02841215
137,0.03394745
138,0.06173445
139,0.07598285
140,0.03175910
141,0.03706041
142,0.03311403
143,0.28680196
144,0.03102669
145,0.04053806
146,0.09652962
147,0.03154220
148,0.03228226
149,0.03452597
150,0.02955221
151,0.06200470
152,0.03747309
153,0.04471140
154,0.04203982
155,0.04704802
156,0.03364616
157,0.03133551
158,0.03476007
159,0.02838998
160,0.03041531
161,0.06092923
162,0.04176213
163,0.02985930
164,0.02733276
165,0.05316815
166,0.03714882
167,0.08705453
168,0.06011857
169,0.08040216
170,0.05137983
171,0.02797698
172,0.02620768
173,0.04607346
174,0.04560452
175,0.16297117
176,0.02662826
177,0.03351059
178,0.06130767
179,0.08406617
180,0.03110390
181,0.03058021
182,0.05033730
183,0.06635425
184,0.02640094
185,0.03695134
186,0.03281579
187,0.05935041
188,0.02620951
189,0.03712572
190,0.02920805
191,0.03959652
192,0.06039532
193,0.04226383
194,0.02619540
195,0.04825202
196,0.17290547
197,0.03721581
198,0.02815077
199,0.02961659
200,0.03016629
201,0.03249663
202,0.03708557
203,0.10761308
204,0.06057724
205,0.02607862
206,0.03006056
207,0.04785675
208,0.03600215
209,0.03346603
210,0.02907249
211,0.03305963
212,0.03931643
213,0.02757359
214,0.04303391
215,0.04710584
216,0.03078609
217,0.03141364
218,0.08659533
219,0.02621701
220,0.03842372
221,0.04026766
222,0.03092686
223,0.03230292
224,0.04439421
225,0.05262377
226,0.02939486
227,0.36679696
228,0.05249793
229,0.07451916
230,0.02839652
231,0.03803607
232,0.07626351
233,0.04314305
234,0.46863284
235,0.10914436
236,0.02749129
237,0.05835456
238,0.02727389
239,0.03223957
240,0.03061509
241,0.04383634
242,0.06218446
243,0.03217387
244,0.04156165
245,0.14150106
246,0.07218139
247,0.02829313
248,0.06241036
249,0.02713310
250,0.03428023
251,0.07289510
252,0.06401798
253,0.03698461
254,0.12011910
255,0.03623621
256,0.02859751
257,0.07422667
258,0.06711377
259,0.09462941
260,0.05078748
261,0.02782355
262,0.04085174
263,0.06109232
264,0.04208174
265,0.03474416
266,0.02724765
267,0.04094952
268,0.02724658
269,0.02786803
270,0.10629907
271,0.05129147
272,0.02609950
273,0.02890527
274,0.05535980
275,0.08370455
276,0.04760390
277,0.03700821
278,0.03273510
279,0.02934243
280,0.09344425
281,0.03721948
282,0.03068784
283,0.06837541
284,0.03059089
285,0.07272348
286,0.05932915
287,0.04290494
288,0.02879896
289,0.08797531
290,0.04970105
291,0.04213858
292,0.05478993
293,0.05753909
294,0.02765935
295,0.02749172
296,0.02735697
297,0.07871669
298,0.03315806
299,0.05425497
300,0.03169918
301,0.07513029
302,0.04353397
303,0.03808151
304,0.05559624
305,0.12163027
306,0.02828289
307,0.03112965
308,0.05182135
309,0.03684755
310,0.12118834
311,0.03122327
312,0.03517455
313,0.04261957
314,0.03252481
315,0.04674587
316,0.03811525
317,0.27376008
318,0.06082114
319,0.23935515
320,0.04334817
321,0.03135416
322,0.02664608
323,0.03254141
324,0.06479047
325,0.02874607
326,0.02691071
327,0.04234677
328,0.04301490
329,0.03420766
330,0.03950525
331,0.04663767
332,0.02722672
333,0.03377502
334,0.02722469
335,0.03022924
336,0.02610396
337,0.03187686
338,0.02709681
339,0.03024090
340,0.05339870
341,0.05442869
342,0.02992317
343,0.05908770
344,0.04328880
345,0.03034195
346,0.02688944
347,0.07431867
348,0.04156706
349,0.05208704
350,0.02648927
351,0.02609031
352,0.02625137
353,0.03754890
354,0.02879855
355,0.03125089
356,0.04272972
357,0.02937961
358,0.08158799
359,0.13930077
360,0.03719119
361,0.08913491
362,0.03672793
363,0.02758037
364,0.03014860
365,0.02609364
366,0.03769200
367,0.02656825
368,0.06890713
369,0.02997074
370,0.03269460
371,0.02704810
372,0.04524532
373,0.03573742
374,0.03486613
375,0.05790757
376,0.02623328
377,0.03078319
378,0.03321073
379,0.04292145
380,0.04728232
381,0.02680320
382,0.07346392
383,0.03973551
384,0.13913052
385,0.03622294
386,0.14654576
387,0.07430454
388,0.27014443
389,0.03134899
390,0.04934657
391,0.45497217
392,0.02691843
393,0.03884114
394,0.03055119
395,0.02823377
396,0.02713934
397,0.03171598
398,0.25491044
399,0.05602978
400,0.03432225
401,0.04297913
402,0.03532602
403,0.04481559
404,0.04304714
405,0.04142754
406,0.03609019
407,0.02965271
408,0.09954983
409,0.04136348
410,0.06467626
411,0.04630608
412,0.02789548
413,0.02898630
414,0.04127327
415,0.04766892
416,0.05366580
417,0.04430065
418,0.02879522
419,0.06216282
420,0.04075956
421,0.07105204
422,0.03494191
423,0.06322471
424,0.07929758
425,0.04592138
426,0.08993597
427,0.05990966
428,0.03562668
429,0.02654344
430,0.02676562
431,0.03673789
432,0.02988453
433,0.03564248
434,0.02738936
435,0.04851406
436,0.03025110
437,0.05280612
438,0.04792318
439,0.03655266
440,0.02785051
441,0.07780196
442,0.03995609
443,0.11010306
444,0.03071576
445,0.12459199
446,0.02752668
447,0.06482998
448,0.04508117
449,0.03300751
450,0.02847379
451,0.03070097
452,0.08214953
453,0.02922803
454,0.05817012
455,0.03370095
456,0.10518061
457,0.04713479
458,0.03812294
459,0.03911995
460,0.04971154
461,0.03586096
462,0.05166265
463,0.11743416
464,0.04869923
465,0.04661912
466,0.03791253
467,0.12615114
468,0.03311239
469,0.02655043
470,0.03210451
471,0.03366667
472,0.03313961
473,0.03760907
474,0.09350474
475,0.05950529
476,0.08732903
477,0.03368978
478,0.03474788
479,0.04064148
480,0.04637962
481,0.02811256
482,0.08382494
483,0.03155203
484,0.06331123
485,0.26519641
486,0.06092621
487,0.03258262
488,0.04046038
489,0.26334924
490,0.02780476
491,0.06412926
492,0.09008706
493,0.17869535
494,0.04130656
495,0.03659456
496,0.06249154
497,0.02729584
498,0.04536340
499,0.02701307
500,0.03116443
501,0.03639498
502,0.02763167
503,0.03955625
504,0.04270819
505,0.03198274
506,0.05230777
507,0.03949024
508,0.02953052
509,0.02684379
510,0.02756506
511,0.04519734
512,0.03366243
513,0.03590041
514,0.02870843
515,0.20005178
516,0.08170206
517,0.02762933
518,0.02761516
519,0.02679502
520,0.02706640
521,0.03024871
522,0.04597167
523,0.03011153
524,0.08661733
525,0.03941962
526,0.03614957
527,0.02874820
528,0.04561163
529,0.04067761
530,0.06663076
531,0.02879376
532,0.02637139
533,0.03061596
534,0.15283176
535,0.05332058
536,0.02612708
537,0.03296815
538,0.02656460
539,0.04838427
540,0.07457416
541,0.02668945
542,0.03283802
543,0.02608828
544,0.03084178
545,0.02736990
546,0.03140036
547,0.04148871
548,0.02763491
549,0.05408983
550,0.04132489
551,0.03895790
552,0.03332678
553,0.07990504
554,0.03093261
555,0.05191013
556,0.03694961
557,0.10609039
558,0.21043211
559,0.03506844
560,0.02770131
561,0.03359649
562,0.02908564
563,0.04088644
564,0.03516520
565,0.02729210
566,0.02700156
567,0.02990648
568,0.03912761
569,0.07650649
570,0.04224421
571,0.13289833
572,0.09826908
573,0.02687178
574,0.06445730
575,0.03245059
576,0.02918657
577,0.03267585
578,0.02675846
579,0.02718247
580,0.02641972
581,0.04479633
582,0.03435388
583,0.03008908
584,0.03287248
585,0.19954326
586,0.02709720
587,0.06499042
588,0.19607809
589,0.03010913
590,0.02622032
591,0.03543604
592,0.04425861
593,0.02667213
594,0.07454075
595,0.02639789
596,0.03219389
597,0.03882328
598,0.05258205
599,0.03049031
600,0.02794218
601,0.04971963
602,0.02667732
603,0.08010180
604,0.04205310
605,0.06104666
606,0.02891914
607,0.04771437
608,0.09444569
609,0.05028045
610,0.04013076
611,0.04967842
612,0.03058473
613,0.04494994
614,0.03729517
615,0.03188782
616,0.03122462
617,0.05463330
618,0.02763338
619,0.03922781
620,0.05541366
621,0.26021758
622,0.03411355
623,0.04049658
624,0.02954079
625,0.02869499
626,0.02842200
627,0.04589085
628,0.09478746
629,0.03413497
630,0.04258064
631,0.02735560
632,0.05369125
633,0.03087320
634,0.03204190
635,0.04137635
636,0.03253877
637,0.04281640
638,0.02802152
639,0.05196380
640,0.03500704
641,0.03312132
642,0.07474807
643,0.04781831
644,0.05749761
645,0.03231783
646,0.02742727
647,0.04275383
648,0.04219406
649,0.02979976
650,0.02643533
651,0.04436620
652,0.05440568
653,0.02707021
654,0.02627063
655,0.05110275
656,0.03345232
657,0.02887698
658,0.02748793
659,0.03501794
660,0.02677041
661,0.04630800
662,0.05764106
663,0.02749593
664,0.02697949
665,0.07491897
666,0.03995035
667,0.06497416
668,0.04708273
669,0.03819488
670,0.03010062
671,0.02869468
672,0.04666009
673,0.04661040
674,0.04792503
675,0.03034284
676,0.05136344
677,0.03557652
678,0.20862727
679,0.02805563
680,0.07959125
681,0.06067403
682,0.04087440
683,0.03677081
684,0.06828781
685,0.02635265
686,0.07176679
687,0.05689407
688,0.03128884
689,0.03554115
690,0.04979860
691,0.04498220
692,0.02691659
693,0.03392555
694,0.03797185
695,0.03002570
696,0.03802121
697,0.02642637
698,0.02964629
699,0.02705241
700,0.04312827
701,0.03186680
702,0.02801822
703,0.03284909
704,0.03602565
705,0.10941561
706,0.22528896
707,0.03100354
708,0.05863297
709,0.02964517
710,0.03091113
711,0.02632729
712,0.02633462
713,0.15229219
714,0.06351039
715,0.02987142
716,0.03199378
717,0.04278255
718,0.06461729
719,0.03713124
720,0.03168115
721,0.04783063
722,0.04288277
723,0.03342709
724,0.04250404
725,0.07639840
726,0.02839694
727,0.02782206
728,0.05101671
729,0.02963557
730,0.07563203
731,0.02932937
732,0.03354994
733,0.06990782
734,0.03508207
735,0.03919355
736,0.04031675
737,0.02897605
738,0.02979050
739,0.03196746
740,0.02959130
741,0.05173305
742,0.06228311
743,0.04629291
744,0.03297992
745,0.04426284
746,0.14170180
747,0.04031565
748,0.03344141
749,0.04267441
750,0.08614976
751,0.02780432
752,0.02652524
753,0.02692079
754,0.05158060
755,0.02776358
756,0.13292014
757,0.03848780
758,0.02886433
759,0.06794525
760,0.04516628
761,0.03236622
762,0.03978567
763,0.03250593
764,0.03722168
765,0.02914047
766,0.03560241
767,0.03620534
768,0.27716630
769,0.02739665
770,0.03727431
771,0.04895130
772,0.04652634
773,0.03291822
774,0.03968154
775,0.02710933
776,0.04475862
777,0.11429879
778,0.03407571
779,0.02842468
780,0.03519397
781,0.03310632
782,0.04005577
783,0.04258748
784,0.02901193
785,0.03462813
786,0.04194077
787,0.04238231
788,0.03990242
789,0.07987671
790,0.02612979
791,0.02629769
792,0.02981660
793,0.03520308
794,0.05760383
795,0.05622250
796,0.02819688
797,0.03237235
798,0.03083726
799,0.22994142
800,0.04065608
801,0.17886064
802,0.02859968
803,0.11231620
804,0.03517296
805,0.05050769
806,0.05998969
807,0.04877007
808,0.12592198
809,0.02830568
810,0.03429022
811,0.03893652
812,0.06691084
813,0.03169719
814,0.03343443
815,0.02608896
816,0.04702543
817,0.03000482
818,0.05941569
819,0.03002015
820,0.02771264
821,0.02937993
822,0.04099717
823,0.04785618
824,0.02804072
825,0.08933802
826,0.03176344
827,0.03547699
828,0.04158851
829,0.03027993
830,0.03850132
831,0.04453927
832,0.03526183
833,0.02822647
834,0.03673087
835,0.02784684
836,0.12719110
837,0.05922085
838,0.03621525
839,0.03412861
840,0.05775780
841,0.02758593
842,0.03749437
843,0.03010676
844,0.07558194
845,0.03295169
846,0.03949003
847,0.02643014
848,0.03258557
849,0.14693038
850,0.39402130
851,0.05491421
852,0.05036985
853,0.02659150
854,0.18117568
855,0.04405453
856,0.04837781
857,0.02763611
858,0.04150157
859,0.04018227
860,0.03411377
861,0.07118024
862,0.04748851
863,0.02956583
864,0.02929813
865,0.03440483
866,0.09950313
867,0.02665792
868,0.13146849
869,0.02823356
870,0.02784693
871,0.05777989
872,0.02722102
873,0.03097665
874,0.03109301
875,0.02869137
876,0.06528547
877,0.11582720
878,0.04330501
879,0.07522270
880,0.04179416
881,0.04421111
882,0.14495377
883,0.02658548
884,0.03646507
885,0.02629398
886,0.02651714
887,0.03843078
888,0.04227607
889,0.03863685
890,0.06595765
891,0.05158278
892,0.03594316
893,0.03930863
894,0.04757464
895,0.04031210
896,0.02828604
897,0.02666507
898,0.03020260
899,0.98675030
900,0.04311029
901,0.04204538
902,0.02666684
903,0.05714501
904,0.04330761
905,0.27314996
906,0.02895287
907,0.06304087
908,0.02747343
909,0.08504883
910,0.04267600
911,0.09877498
912,0.03668151
913,0.02791517
914,0.03725114
915,0.04970789
916,0.03129634
917,0.03017153
918,0.07340551
919,0.08362475
920,0.03840053
921,0.04500935
922,0.08413824
923,0.02990172
924,0.14411110
925,0.06048387
926,0.04296394
927,0.04414921
928,0.02717519
929,0.02929867
930,0.02630591
931,0.02837847
932,0.05211855
933,0.02946120
934,0.16409465
935,0.03428628
936,0.03358684
937,0.03374603
938,0.06251091
939,0.03944963
940,0.04547062
941,0.02903773
942,0.03109492
943,0.02948843
944,0.06543709
945,0.11687728
946,0.02958807
947,0.04946391
948,0.08046233
949,0.17780047
950,0.02686814
951,0.02941016
952,0.03665973
953,0.04527812
954,0.07833793
955,0.03263236
956,0.05841084
957,0.03392682
958,0.09206334
959,0.04791296
960,0.05694110
961,0.05225980
962,0.04209448
963,0.05618624
964,0.08357020
965,0.05574888
966,0.02863194
967,0.02725413
968,0.09954424
969,0.03131031
970,0.02768803
971,0.02956033
972,0.33368393
973,0.03729301
974,0.05143421
975,0.12178989
976,0.03556494
977,0.10156055
978,0.02772610
979,0.03017966
980,0.07395137
981,0.02989267
982,0.05217805
983,0.02783643
984,0.03187755
985,0.03098254
986,0.04271363
987,0.02951827
988,0.03381754
989,0.04027351
990,0.07138846
991,0.02750535
992,0.03972831
993,0.02900181
994,0.03509112
995,0.03270064
996,0.06318002
997,0.02690125
998,0.02836925
999,0.02796711
1000,0.02795173
1001,0.02943552
1002,0.03078220
1003,0.02977382
1004,0.05925732
1005,0.04133711
1006,0.09892570
1007,0.03253625
1008,0.05428793
1009,0.04996421
1010,0.02989862
1011,0.03121605
1012,0.03781025
1013,0.03812544
1014,0.06101793
1015,0.03061752
1016,0.04257294
1017,0.04584195
1018,0.05526247
1019,0.02797020
1020,0.03900141
1021,0.04829871
1022,0.04537310
1023,0.02923841
1024,0.02642633
1025,0.03955949
1026,0.03603431
1027,0.09866059
1028,0.03925994
1029,0.12791272
1030,0.02890637
1031,0.04394443
1032,0.03010250
1033,0.04523570
1034,0.03563835
1035,0.04059895
1036,0.02616874
1037,0.03743953
1038,0.05739272
1039,0.02933424
1040,0.03184055
1041,0.07218170
1042,0.04048106
1043,0.02619670
1044,0.05573432
1045,0.03414960
1046,0.09251140
1047,0.02953831
1048,0.02905191
1049,0.02700397
1050,0.06290065
1051,0.03091971
1052,0.08687335
1053,0.04051219
1054,0.04562384
1055,0.06038644
1056,0.02633888
1057,0.04883949
1058,0.04090973
1059,0.02673343
1060,0.02710709
1061,0.02641478
1062,0.03186819
1063,0.03446329
1064,0.03956737
1065,0.04826891
1066,0.04120411
1067,0.03870302
1068,0.09952252
1069,0.04652425
1070,0.04243046
1071,0.04452159
1072,0.02897395
1073,0.03430405
1074,0.03207271
1075,0.03467510
1076,0.05386963
1077,0.02736985
1078,0.04189143
1079,0.06094479
1080,0.03264340
1081,0.07884912
1082,0.04767244
1083,0.03011829
1084,0.03434788
1085,0.03327165
1086,0.02819086
1087,0.11253627
1088,0.03203834
1089,0.04132429
1090,0.02990726
1091,0.02838170
1092,0.02650408
1093,0.05430578
1094,0.02979080
1095,0.11995353
1096,0.02886174
1097,0.03800927
1098,0.07198950
1099,0.02682957
1100,0.03850513
1101,0.03307659
1102,0.03132328
1103,0.03785820
1104,0.06246383
1105,0.03035514
1106,0.02929481
1107,0.05101878
1108,0.12242740
1109,0.02748066
1110,0.03386087
1111,0.04680832
1112,0.08327871
1113,0.03121279
1114,0.04024303
1115,0.24818648
1116,0.03791856
1117,0.03014742
1118,0.03384250
1119,0.03133727
1120,0.05232595
1121,0.04417669
1122,0.08367510
1123,0.02816198
1124,0.03504141
1125,0.04264042
1126,0.06991705
1127,0.04545664
1128,0.02898006
1129,0.03921317
1130,0.03025534
1131,0.07582236
1132,0.02867833
1133,0.02668800
1134,0.06330564
1135,0.05660610
1136,0.03291683
1137,0.05018717
1138,0.09138249
1139,0.03040068
1140,0.19385736
1141,0.05748724
1142,0.05357413
1143,0.03019036
1144,0.02867815
1145,0.04783276
1146,0.03570474
1147,0.03703725
1148,0.03962109
1149,0.06523700
1150,0.02918926
1151,0.03245000
1152,0.03837968
1153,0.13869865
1154,0.02910075
1155,0.03979257
1156,0.06345688
1157,0.07715740
1158,0.15022701
1159,0.03535274
1160,0.04040026
1161,0.02638728
1162,0.03483920
1163,0.02681902
1164,0.03027813
1165,0.02750285
1166,0.03961771
1167,0.03285506
1168,0.03861836
1169,0.08265464
1170,0.03034994
1171,0.03057214
1172,0.02890040
1173,0.02670124
1174,0.04129193
1175,0.03111255
1176,0.08066657
1177,0.02838119
1178,0.04432915
1179,0.02785011
1180,0.07329902
1181,0.02626708
1182,0.10401993
1183,0.04003846
1184,0.02685658
1185,0.02608544
1186,0.06702461
1187,0.03191887
1188,0.03277119
1189,0.03726665
1190,0.07132666
1191,0.04644714
1192,0.03688964
1193,0.03593457
1194,0.04339979
1195,0.04498295
1196,0.04150204
1197,0.12117138
1198,0.03264201
1199,0.03396943
1200,0.03244623
1201,0.02820718
1202,0.07932867
1203,0.04574305
1204,0.02718596
1205,0.09303647
1206,0.02711038
1207,0.09619165
1208,0.02787795
1209,0.02904242
1210,0.07126334
1211,0.07280303
1212,0.06055793
1213,0.03219273
1214,0.03491500
1215,0.06250842
1216,0.02659270
1217,0.03005061
1218,0.02641751
1219,0.10275928
1220,0.03247994
1221,0.02959414
1222,0.02774090
1223,0.05214367
1224,0.02950690
1225,0.02622072
1226,0.17930431
1227,0.04074317
1228,0.02800253
1229,0.04320330
1230,0.03035484
1231,0.02663648
1232,0.03636884
1233,0.02978521
1234,0.03013199
1235,0.03073280
1236,0.02913158
1237,0.06569916
1238,0.06086275
1239,0.02857010
1240,0.03116261
1241,0.04531970
1242,0.02970357
1243,0.02925806
1244,0.02731389
1245,0.03512031
1246,0.03612555
1247,0.03489324
1248,0.03699945
1249,0.08698589
1250,0.06309860
1251,0.04983199
1252,0.03582465
1253,0.04293653
1254,0.03558471
1255,0.03755509
1256,0.04033617
1257,0.02682019
1258,0.03745184
1259,0.02777118
1260,0.04175328
1261,0.03641844
1262,0.02933782
1263,0.03530660
1264,0.04602691
1265,0.04667610
1266,0.02740358
1267,0.04260340
1268,0.02660893
1269,0.02674707
1270,0.21192467
1271,0.05937755
1272,0.04041892
1273,0.02986107
1274,0.03338469
1275,0.03205283
1276,0.04014839
1277,0.02850846
1278,0.10226703
1279,0.03062766
1280,0.03586946
1281,0.02896535
1282,0.03303210
1283,0.03093143
1284,0.03332420
1285,0.07820286
1286,0.05554312
1287,0.04333965
1288,0.11630826
1289,0.02884941
1290,0.02917320
1291,0.02775503
1292,0.03163575
1293,0.03887424
1294,0.02999550
1295,0.03809771
1296,0.03031238
1297,0.08309115
1298,0.03481738
1299,0.03225347
1300,0.06699518
1301,0.03796791
1302,0.07100882
1303,0.03711425
1304,0.04652797
1305,0.02990349
1306,0.03480762
1307,0.02654188
1308,0.04230423
1309,0.02630290
1310,0.02932111
1311,0.07730308
1312,0.02873173
1313,0.03441341
1314,0.02705039
1315,0.03224249
1316,0.04452979
1317,0.02900515
1318,0.04749396
1319,0.03106840
1320,0.10456893
1321,0.05087914
1322,0.04706590
1323,0.02758189
1324,0.03447852
1325,0.02875148
1326,0.02769298
1327,0.08045017
1328,0.05877080
1329,0.02723689
1330,0.03732473
1331,0.05990411
1332,0.03513842
1333,0.03791135
1334,0.02989837
1335,0.02745473
1336,0.03536337
1337,0.03579735
1338,0.07689599
1339,0.03747549
1340,0.03093195
1341,0.04182390
1342,0.02995698
1343,0.03720912
1344,0.02692565
1345,0.03269133
1346,0.03310388
1347,0.02796587
1348,0.02867229
1349,0.11773193
1350,0.05807014
1351,0.02625722
1352,0.02939752
1353,0.03164434
1354,0.03684770
1355,0.06728444
1356,0.05840163
1357,0.03999716
1358,0.02718217
1359,0.02768253
1360,0.03347740
1361,0.05505269
1362,0.03040404
1363,0.07246325
1364,0.08890258
1365,0.08842570
1366,0.05046929
1367,0.07438811
1368,0.11933530
1369,0.02975880
1370,0.10659362
1371,0.03453977
1372,0.03798711
1373,0.03217591
1374,0.05403745
1375,0.04100051
1376,0.03354143
1377,0.03296573
1378,0.13993384
1379,0.03301347
1380,0.06166850
1381,0.03241084
1382,0.04037668
1383,0.02875307
1384,0.07167583
1385,0.05119978
1386,0.03259196
1387,0.05930809
1388,0.02778973
1389,0.02823006
1390,0.08153683
1391,0.04282791
1392,0.02627904
1393,0.03088395
1394,0.04849212
1395,0.03219177
1396,0.04727476
1397,0.03256638
1398,0.03177972
1399,0.05475284
1400,0.10533824
1401,0.02739564
1402,0.04271839
1403,0.04230882
1404,0.06867928
1405,0.02689969
1406,0.08970236
1407,0.03305007
1408,0.02852926
1409,0.02982375
1410,0.03207645
1411,0.05450359
1412,0.03046548
1413,0.09896121
1414,0.02736618
1415,0.02857306
1416,0.06506840
1417,0.03894632
1418,0.03928255
1419,0.13449657
1420,0.06495846
1421,0.03214693
1422,0.03386279
1423,0.03254261
1424,0.03474763
1425,0.09587990
1426,0.02747992
1427,0.03972390
1428,0.07578666
1429,0.14244499
1430,0.06083097
1431,0.02797478
1432,0.02652136
1433,0.03224059
1434,0.03446039
1435,0.03602936
1436,0.03315451
1437,0.13340551
1438,0.18672359
1439,0.02942631
1440,0.03007090
1441,0.03718990
1442,0.04934530
1443,0.02728458
1444,0.02692454
1445,0.04007397
1446,0.04190757
1447,0.03605119
1448,0.03400775
1449,0.06639160
1450,0.12810734
1451,0.08647834
1452,0.02950754
1453,0.02617823
1454,0.18349619
1455,0.03041078
1456,0.04191060
1457,0.03055163
1458,0.06784345
1459,0.02788466
1460,0.03108947
1461,0.03959687
1462,0.08139989
1463,0.07769623
1464,0.02689279
1465,0.04011301
1466,0.04381551
1467,0.05747958
1468,0.03521464
1469,0.04058612
1470,0.06932007
1471,0.03517749
1472,0.14326708
1473,0.13030157
1474,0.03327299
1475,0.04228021
1476,0.03917474
1477,0.04643397
1478,0.05145354
1479,0.09405195
1480,0.23817156
1481,0.03315427
1482,0.02664739
1483,0.02649602
1484,0.02632173
1485,0.03920160
1486,0.03268010
1487,0.05518913
1488,0.03408537
1489,0.03357293
1490,0.07169877
1491,0.17556640
1492,0.03472837
1493,0.02852914
1494,0.02728550
1495,0.03379228
1496,0.02715091
1497,0.03604605
1498,0.20560569
1499,0.02642431
1500,0.03611100
1501,0.02926161
1502,0.36856657
1503,0.03650614
1504,0.05095942
1505,0.03666197
1506,0.02867209
1507,0.04587876
1508,0.03868583
1509,0.02983981
1510,0.03764973
1511,0.02785969
1512,0.04451160
1513,0.02641565
1514,0.10910048
1515,0.03057305
1516,0.06097866
1517,0.05282305
1518,0.05398685
1519,0.03244077
1520,0.03149557
1521,0.04266406
1522,0.02664041
1523,0.03179035
1524,0.09179954
1525,0.02854529
1526,0.03991764
1527,0.02811606
1528,0.02672604
1529,0.03328452
1530,0.05459597
1531,0.03207756
1532,0.19911134
1533,0.03259604
1534,0.03059824
1535,0.02946281
1536,0.03636950
1537,0.02650049
1538,0.03113850
1539,0.02728955
1540,0.04599122
1541,0.05768998
1542,0.22630513
1543,0.04050761
1544,0.08702793
1545,0.02908084
1546,0.03476912
1547,0.03704857
1548,0.04487010
1549,0.12501338
1550,0.03737993
1551,0.07872927
1552,0.05078844
1553,0.03931505
1554,0.03282836
1555,0.03907533
1556,0.02849043
1557,0.04178475
1558,0.03065286
1559,0.02996388
1560,0.03831227
1561,0.03211019
1562,0.05178808
1563,0.03740689
1564,0.02782024
1565,0.02874114
1566,0.08636089
1567,0.03794077
1568,0.02725823
1569,0.03464866
1570,0.02791167
1571,0.03686530
1572,0.03201252
1573,0.03675852
1574,0.04957590
1575,0.08282541
1576,0.12159720
1577,0.04106122
1578,0.03493074
1579,0.06059926
1580,0.05083891
1581,0.05388556
1582,0.03743199
1583,0.05296678
1584,0.05632719
1585,0.07191483
1586,0.06209135
1587,0.04767535
1588,0.04253543
1589,0.03424245
1590,0.03103120
1591,0.03812287
1592,0.04184671
1593,0.03937032
1594,0.03158898
1595,0.65711179
1596,0.04077025
1597,0.03601856
1598,0.04800701
1599,0.04073852
1600,0.03741208
1601,0.03563573
1602,0.03582260
1603,0.02950282
1604,0.03869277
1605,0.02967215
1606,0.03970551
1607,0.02740115
1608,0.13322612
1609,0.02979099
1610,0.03001972
1611,0.02782454
1612,0.02809068
1613,0.09651056
1614,0.06845626
1615,0.03039823
1616,0.02800642
1617,0.02881290
1618,0.04289662
1619,0.04006920
1620,0.06698931
1621,0.05993837
1622,0.06954273
1623,0.04041214
1624,0.04086365
1625,0.03330799
1626,0.03383332
1627,0.04613840
1628,0.03447093
1629,0.04867368
1630,0.05507441
1631,0.02752645
1632,0.03021450
1633,0.03258798
1634,0.02784172
1635,0.03140714
1636,0.04508370
1637,0.03155562
1638,0.02753135
1639,0.03572785
1640,0.05225300
1641,0.04633325
1642,0.02960744
1643,0.02770788
1644,0.03157914
1645,0.04610986
1646,0.03223352
1647,0.03637321
1648,0.04925143
1649,0.05665829
1650,0.04289214
1651,0.05586978
1652,0.03823410
1653,0.02800335
1654,0.02743271
1655,0.02915102
1656,0.02803580
1657,0.07580151
1658,0.02796692
1659,0.05996427
1660,0.03585051
1661,0.02637342
1662,0.03993978
1663,0.14985176
1664,0.02871945
1665,0.03134791
1666,0.02750967
1667,0.04221808
1668,0.03387482
1669,0.07396576
1670,0.17763655
1671,0.04028901
1672,0.06970858
1673,0.03341456
1674,0.08843849
1675,0.07520081
1676,0.04217358
1677,0.02996303
1678,0.04756628
1679,0.04477266
1680,0.22609572
1681,0.03562856
1682,0.02684757
1683,0.04639928
1684,0.03172244
1685,0.03555268
1686,0.02792075
1687,0.03788919
1688,0.02694591
1689,0.02640351
1690,0.03258845
1691,0.02629150
1692,0.04366957
1693,0.02863494
1694,0.03649955
1695,0.08706725
1696,0.13164773
1697,0.04534215
1698,0.03454422
1699,0.03937454
1700,0.02795880
1701,0.05794643
1702,0.03135274
1703,0.06921429
1704,0.03022524
1705,0.02851448
1706,0.03639359
1707,0.03203984
1708,0.02935937
1709,0.02933767
1710,0.03719564
1711,0.03357651
1712,0.06420948
1713,0.03722701
1714,0.05070484
1715,0.02963157
1716,0.02628260
1717,0.03737441
1718,0.03292943
1719,0.03287212
1720,0.02706585
1721,0.02967428
1722,0.02861439
1723,0.03553272
1724,0.02870112
1725,0.05711932
1726,0.03477385
1727,0.02646225
1728,0.02921012
1729,0.04797210
1730,0.02719460
1731,0.02755814
1732,0.03665794
1733,0.03076526
1734,0.02930131
1735,0.29008670
1736,0.05362008
1737,0.03074840
1738,0.09405741
1739,0.04636650
1740,0.03311374
1741,0.04175316
1742,0.02881486
1743,0.03609638
1744,0.03495692
1745,0.02647336
1746,0.02864027
1747,0.03174240
1748,0.04748809
1749,0.06216033
1750,0.08036573
1751,0.03515201
1752,0.02950211
1753,0.03654255
1754,0.04390461
1755,0.04592961
1756,0.02816178
1757,0.03070671
1758,0.04497532
1759,0.02936100
1760,0.02709563
1761,0.03267745
1762,0.03260836
1763,0.03427138
1764,0.09519182
1765,0.05422276
1766,0.02644732
1767,0.04085843
1768,0.03787738
1769,0.04661548
1770,0.02742116
1771,0.04119976
1772,0.06863431
1773,0.02611822
1774,0.03514508
1775,0.03106592
1776,0.03643525
1777,0.03726655
1778,0.04743818
1779,0.03558385
1780,0.02922059
1781,0.02758177
1782,0.11067013
1783,0.08602096
1784,0.04509918
1785,0.03254706
1786,0.06851980
1787,0.02896803
1788,0.02639188
1789,0.07188038
1790,0.03079135
1791,0.02622520
1792,0.02765982
1793,0.03165435
1794,0.03057652
1795,0.09359140
1796,0.02892481
1797,0.02613507
1798,0.03018955
1799,0.02714551
1800,0.03365971
1801,0.05702304
1802,0.02616818
1803,0.03354944
1804,0.02939229
1805,0.04225068
1806,0.05226112
1807,0.07280871
1808,0.02673121
1809,0.04635171
1810,0.03735407
1811,0.03060206
1812,0.05089423
1813,0.06651587
1814,0.03111139
1815,0.03252233
1816,0.04978663
1817,0.03886655
1818,0.05462580
1819,0.03659312
1820,0.03547758
1821,0.17535675
1822,0.02817846
1823,0.02913463
1824,0.27389500
1825,0.02956157
1826,0.05128898
1827,0.03111281
1828,0.03544514
1829,0.03312127
1830,0.07747384
1831,0.06305024
1832,0.02881784
1833,0.03770604
1834,0.02888629
1835,0.03727146
1836,0.03524681
1837,0.08314333
1838,0.02908358
1839,0.04347377
1840,0.02937706
1841,0.12383932
1842,0.04300129
1843,0.03366272
1844,0.05708118
1845,0.02754364
1846,0.05959116
1847,0.02702106
1848,0.08432186
1849,0.03611641
1850,0.02701317
1851,0.04920634
1852,0.02696876
1853,0.05534161
1854,0.02981355
1855,0.03150838
1856,0.03876456
1857,0.02988693
1858,0.02748513
1859,0.02660162
1860,0.05426464
1861,0.02849424
1862,0.03582176
1863,0.03071426
1864,0.03071919
1865,0.03100627
1866,0.13584053
1867,0.06440815
1868,0.02969344
1869,0.05740899
1870,0.03036481
1871,0.03159313
1872,0.03449843
1873,0.04473874
1874,0.04507048
1875,0.03411995
1876,0.02811775
1877,0.03129798
1878,0.02930919
1879,0.02738586
1880,0.03242731
1881,0.02709663
1882,0.04605686
1883,0.02751111
1884,0.02674922
1885,0.02665538
1886,0.03419974
1887,0.04065053
1888,0.05607118
1889,0.04028664
1890,0.03525704
1891,0.02644893
1892,0.06646488
1893,0.03036062
1894,0.03046395
1895,0.02609629
1896,0.05041459
1897,0.02981508
1898,0.03500087
1899,0.03917303
1900,0.03768680
1901,0.02836719
1902,0.02685454
1903,0.04890134
1904,0.07809373
1905,0.02849268
1906,0.02739041
1907,0.02938715
1908,0.16360863
1909,0.07931569
1910,0.02895579
1911,0.03097688
1912,0.02902810
1913,0.02713784
1914,0.04601831
1915,0.04385322
1916,0.03922832
1917,0.02789502
1918,0.03914591
1919,0.02708685
1920,0.03658331
1921,0.03921732
1922,0.03600641
1923,0.03367978
1924,0.03508732
1925,0.02909655
1926,0.02829548
1927,0.04849682
1928,0.12679601
1929,0.91371962
1930,0.09965960
1931,0.16614925
1932,0.08792165
1933,0.03683482
1934,0.02940135
1935,0.03380628
1936,0.03305463
1937,0.02889307
1938,0.03621620
1939,0.02983432
1940,0.09869804
1941,0.02981904
1942,0.02859909
1943,0.03865874
1944,0.03711136
1945,0.17940120
1946,0.08016717
1947,0.04834461
1948,0.03080794
1949,0.02718956
1950,0.02971849
1951,0.06342761
1952,0.06111242
1953,0.03164143
1954,0.04730750
1955,0.03726491
1956,0.03018476
1957,0.05031840
1958,0.02767185
1959,0.02838008
1960,0.02994446
1961,0.03747234
1962,0.02942038
1963,0.02998121
1964,0.04213643
1965,0.04314966
1966,0.03136711
1967,0.08047245
1968,0.05657074
1969,0.03765855
1970,0.03093328
1971,0.03537979
1972,0.03656038
1973,0.02909089
1974,0.13418367
1975,0.03711636
1976,0.03748076
1977,0.03568712
1978,0.04848799
1979,0.03080799
1980,0.02865144
1981,0.02614988
1982,0.05428115
1983,0.02885994
1984,0.02863368
1985,0.06014566
1986,0.04887064
1987,0.03145187
1988,0.03409727
1989,0.03485139
1990,0.03297468
1991,0.05968923
1992,0.07130932
1993,0.03818771
1994,0.03851852
1995,0.04043738
1996,0.04254038
1997,0.02788932
1998,0.03749902
1999,0.03333402
2000,0.03055321
2001,0.02934708
2002,0.07383026
2003,0.02885176
2004,0.02677386
2005,0.07014911
2006,0.05023031
2007,0.03035289
2008,0.02836425
2009,0.02758646
2010,0.02777866
2011,0.06057512
2012,0.05428238
2013,0.02688261
2014,0.14610032
2015,0.11056410
2016,0.02865410
2017,0.02691769
2018,0.05489809
2019,0.02734620
2020,0.04156234
2021,0.02844950
2022,0.04538125
2023,0.03204493
2024,0.03714144
2025,0.03310555
2026,0.05635051
2027,0.03118503
2028,0.04384274
2029,0.03491780
2030,0.02812346
2031,0.03615632
2032,0.03682837
2033,0.04416005
2034,0.04355233
2035,0.16930446
2036,0.04615173
2037,0.03084402
2038,0.05252387
2039,0.03680972
2040,0.04805833
2041,0.03380247
2042,0.02747967
2043,0.03126245
2044,0.02883099
2045,0.06177783
2046,0.02987374
2047,0.03146557
2048,0.02704980
2049,0.03039330
2050,0.07251112
2051,0.03949604
2052,0.02667558
2053,0.03734347
2054,0.03191288
2055,0.11247864
2056,0.07818018
2057,0.05752221
2058,0.07156685
2059,0.16373861
2060,0.03516320
2061,0.02823079
2062,0.02613566
2063,0.04472726
2064,0.06471855
2065,0.05073822
2066,0.02653800
2067,0.03010572
2068,0.06107710
2069,0.04563058
2070,0.02828447
2071,0.04960638
2072,0.03659625
2073,0.04781134
2074,0.05443596
2075,0.02757917
2076,0.05585823
2077,0.03115680
2078,0.05599403
2079,0.02729980
2080,0.03624892
2081,0.03329142
2082,0.03842750
2083,0.03617197
2084,0.03823088
2085,0.24107724
2086,0.03867810
2087,0.02902269
2088,0.02856929
2089,0.03315914
2090,0.05466824
2091,0.03235631
2092,0.02966579
2093,0.05179023
2094,0.03293844
2095,0.07004221
2096,0.07166487
2097,0.03218056
2098,0.04157571
2099,0.02727770
2100,0.03479755
2101,0.03229721
2102,0.15427598
2103,0.08322066
2104,0.09201871
2105,0.03061208
2106,0.03191751
2107,0.02906311
2108,0.04248435
2109,0.03591211
2110,0.03509210
2111,0.03902161
2112,0.02753297
2113,0.04247468
2114,0.03378302
2115,0.02763438
2116,0.03599902
2117,0.07425195
2118,0.02921220
2119,0.04642069
2120,0.03691585
2121,0.10451571
2122,0.03716542
2123,0.03817247
2124,0.02977726
2125,0.04831736
2126,0.03206153
2127,0.07375749
2128,0.03424326
2129,0.02655229
2130,0.03347829
2131,0.04478567
2132,0.02844448
2133,0.02802592
2134,0.03289106
2135,0.03076108
2136,0.02970388
2137,0.06644740
2138,0.23985989
2139,0.03516853
2140,0.04271532
2141,0.05558409
2142,0.04591394
2143,0.03273113
2144,0.03878017
2145,0.02984298
2146,0.06492593
2147,0.02784334
2148,0.04391744
2149,0.02792479
2150,0.07959473
2151,0.03038727
2152,0.02724473
2153,0.03014782
2154,0.04561516
2155,0.04746119
2156,0.02607609
2157,0.10390846
2158,0.02798841
2159,0.08015703
2160,0.05077881
2161,0.02620756
2162,0.04044716
2163,0.05019835
2164,0.03868696
2165,0.04476501
2166,0.03243149
2167,0.06404309
2168,0.09962071
2169,0.05544258
2170,0.06303879
2171,0.07430990
2172,0.07100817
2173,0.02753152
2174,0.04279764
2175,0.07310150
2176,0.03580172
2177,0.03153141
2178,0.04778994
2179,0.04231752
2180,0.11149203
2181,0.17661753
2182,0.02935286
2183,0.03476076
2184,0.14018420
2185,0.02621957
2186,0.06794139
2187,0.03125868
2188,0.06542820
2189,0.04474420
2190,0.03093462
2191,0.03303833
2192,0.03042456
2193,0.04708243
2194,0.03482598
2195,0.07210735
2196,2.30470964
2197,0.04462628
2198,0.02610073
2199,0.04702728
2200,0.05287897
2201,0.02959463
2202,0.07020961
2203,0.02782927
2204,0.02953220
2205,0.03338346
2206,0.13226374
2207,0.02914266
2208,0.03845382
2209,0.02878733
2210,0.03308122
2211,0.03586132
2212,0.04675531
2213,0.03192167
2214,0.05597169
2215,0.03245072
2216,0.08437063
2217,0.08707858
2218,0.08679981
2219,0.02930434
2220,0.04426643
2221,0.04268434
2222,0.02920239
2223,0.02775871
2224,0.04878135
2225,0.04719797
2226,0.12417965
2227,0.02613086
2228,0.04115146
2229,0.02647273
2230,0.03244329
2231,0.03614605
2232,0.02997052
2233,0.04321069
2234,0.03471586
2235,0.03067218
2236,0.03873034
2237,0.04418585
2238,0.04473389
2239,0.03854840
2240,0.03814944
2241,0.12437923
2242,0.15009170
2243,0.04511088
2244,0.07658120
2245,0.05328954
2246,0.05724377
2247,0.03704902
2248,0.03125397
2249,0.03443182
2250,0.04176187
2251,0.02851514
2252,0.11370990
2253,0.05969126
2254,0.06262535
2255,0.13119089
2256,0.04097218
2257,0.02981799
2258,0.02947231
2259,0.11731466
2260,0.03280838
2261,0.03003156
2262,0.05679101
2263,0.03125900
2264,0.03516235
2265,0.04017296
2266,0.03943777
2267,0.04062059
2268,0.04037591
2269,0.05568517
2270,0.04352922
2271,0.02895380
2272,0.03725206
2273,0.02646364
2274,0.07261243
2275,0.02642480
2276,0.07728214
2277,0.05305355
2278,0.02881181
2279,0.02950026
2280,0.04061070
2281,0.04179527
2282,0.03223969
2283,0.04674817
2284,0.07481803
2285,0.08588061
2286,0.03595203
2287,0.03911410
2288,0.04778684
2289,0.02746618
2290,0.05819715
2291,0.02790832
2292,0.03077350
2293,0.02967217
2294,0.04962992
2295,0.04334014
2296,0.02914761
2297,0.04874072
2298,0.02651304
2299,0.03284745
2300,0.02979054
2301,0.03130458
2302,0.03281291
2303,0.05299148
2304,0.02821209
2305,0.03460961
2306,0.04728304
2307,0.03975817
2308,0.06938217
2309,0.04123385
2310,0.02705293
2311,0.09178712
2312,0.03560486
2313,0.02802798
2314,0.02636470
2315,0.05634894
2316,0.09320452
2317,0.04626660
2318,0.03188415
2319,0.04786030
2320,0.04826463
2321,0.02785746
2322,0.03794419
2323,0.03429447
2324,0.07722695
2325,0.03380976
2326,0.03311494
2327,0.03067562
2328,0.02926098
2329,0.04315900
2330,0.04836526
2331,0.02961115
2332,0.03942147
2333,0.02883822
2334,0.03163243
2335,0.06453186
2336,0.04206425
2337,0.03253334
2338,0.04724210
2339,0.03815678
2340,0.04267599
2341,0.03393689
2342,0.06665312
2343,0.03193771
2344,0.03621684
2345,0.05155400
2346,0.04114467
2347,0.05067897
2348,0.06452274
2349,0.04862305
2350,0.02774493
2351,0.03370271
2352,0.07255048
2353,0.04784439
2354,0.03147552
2355,0.04038272
2356,0.03677102
2357,0.03054391
2358,0.03356295
2359,0.03612232
2360,0.04035972
2361,0.09757996
2362,0.11232546
2363,0.09570087
2364,0.06896977
2365,0.02897930
2366,0.04738382
2367,0.03698209
2368,0.03082599
2369,0.03546145
2370,0.03479260
2371,0.03594609
2372,0.02635989
2373,0.03812810
2374,0.04111682
2375,0.02884103
2376,0.02835193
2377,0.02650432
2378,0.03984996
2379,0.02746296
2380,0.02893413
2381,0.20488089
2382,0.04416552
2383,0.02618991
2384,0.03859089
2385,0.05623651
2386,0.03543257
2387,0.03425843
2388,0.03314529
2389,0.11509718
2390,0.02843777
2391,0.04440812
2392,0.02920467
2393,0.03989859
2394,0.02946359
2395,0.09650495
2396,0.04984552
2397,0.02755878
2398,0.05459372
2399,0.04180585
2400,0.02864172
2401,0.12360451
2402,0.08531389
2403,0.06803969
2404,0.09181042
2405,0.02918873
2406,0.05622479
2407,0.03707973
2408,0.12312193
2409,0.02928591
2410,0.03068244
2411,0.04927268
2412,0.03604283
2413,0.05402988
2414,0.03859232
2415,0.03951478
2416,0.03423497
2417,0.03457158
2418,0.05200293
2419,0.09189857
2420,0.03059255
2421,0.02821580
2422,0.02993511
2423,0.03477383
2424,0.08556749
2425,0.04228243
2426,0.06029758
2427,0.04843769
2428,0.05723185
2429,0.03001874
2430,0.02634399
2431,0.04960904
2432,0.02758893
2433,0.03672547
2434,0.02829751
2435,0.04479990
2436,0.05504244
2437,0.03416716
2438,0.02651014
2439,0.02942529
2440,0.02620157
2441,0.04275094
2442,0.23128844
2443,0.02663963
2444,0.18450028
2445,0.06295240
2446,0.06231172
2447,0.02690129
2448,0.03110929
2449,0.08627231
2450,0.02895049
2451,0.03002703
2452,0.02867970
2453,0.03923961
2454,0.03358426
2455,0.05158990
2456,0.03690060
2457,0.05070264
2458,0.04233476
2459,0.04673941
2460,0.03226678
2461,0.02905149
2462,0.02683095
2463,0.03213830
2464,0.04541274
2465,0.03367781
2466,0.02789738
2467,0.06994398
2468,0.04194261
2469,0.06771600
2470,0.03070700
2471,0.17216599
2472,0.03773445
2473,0.03837249
2474,0.03191689
2475,0.03315252
2476,0.02884548
2477,0.02994207
2478,0.05581828
2479,0.03342682
2480,0.04426066
2481,0.03921193
2482,0.10582556
2483,0.02918910
2484,0.03680151
2485,0.07219169
2486,0.04449460
2487,0.02863478
2488,0.06763093
2489,0.02699235
2490,0.03832823
2491,0.04197418
2492,0.10132455
2493,0.09831444
2494,0.03012217
2495,0.04971347
2496,0.02745293
2497,0.03663125
2498,0.03843534
2499,0.03759196
